{
  "workflow_version": "1.2.0",
  "timestamps": {
    "started": "2025-11-07T12:39:45Z",
    "last_updated": "2025-11-07T12:41:30Z"
  },
  "mode": "initial_scan",
  "scan_level": "exhaustive",
  "project_root": "/Users/jp/work/jaimee-stuff",
  "output_folder": "/Users/jp/work/jaimee-stuff/docs",
  "completed_steps": [
    {
      "step": "step_1",
      "status": "completed",
      "timestamp": "2025-11-07T12:41:30Z",
      "summary": "Classified as monolith with 1 part"
    },
    {
      "step": "step_2",
      "status": "completed",
      "timestamp": "2025-11-07T12:42:00Z",
      "summary": "Found 4 existing docs"
    },
    {
      "step": "step_3",
      "status": "completed",
      "timestamp": "2025-11-07T12:43:00Z",
      "summary": "Tech stack: FastAPI on Python"
    },
    {
      "step": "step_4",
      "status": "completed",
      "timestamp": "2025-11-07T12:45:00Z",
      "summary": "Conditional analysis complete, 3 files written"
    }
  ],
  "current_step": "completed",
  "timestamps": {
    "started": "2025-11-07T12:39:45Z",
    "last_updated": "2025-11-07T12:46:00Z",
    "completed": "2025-11-07T12:46:00Z"
  },
  "findings": {
    "project_classification": "Monolith, 1 part, Python FastAPI",
    "user_context": "Exhaustive analysis of /src/ultra-api-aws",
    "technology_stack": "FastAPI, PostgreSQL, Redis, Celery, LangChain, Multiple LLM providers"
  },
  "project_types": [
    {
      "part_id": "ultra-api-aws",
      "project_type_id": "backend",
      "display_name": "Backend API"
    }
  ],
  "outputs_generated": ["project-scan-report.json"],
  "resume_instructions": "Continue from step 2"
}
