<story-context id="bmad/bmm/workflows/4-implementation/story-context/template" v="1.0">
  <metadata>
    <epicId>1</epicId>
    <storyId>1.1</storyId>
    <title>Create Database Migration for Constellation Tables</title>
    <status>drafted</status>
    <generatedAt>2025-11-22</generatedAt>
    <generator>BMAD Story Context Workflow</generator>
    <sourceStoryPath>docs/stories/1-1-create-database-migration-for-constellation-tables.md</sourceStoryPath>
  </metadata>

  <story>
    <asA>backend developer</asA>
    <iWant>an Alembic migration that creates the 5 constellation tables</iWant>
    <soThat>the database schema supports constellation gamification</soThat>
    <tasks>
      <task id="1" ac="foreign-key-types">Verify Existing Table ID Types</task>
      <task id="2" ac="1,2">Create Alembic Migration File</task>
      <task id="3" ac="1">Define constellation_library Table</task>
      <task id="4" ac="1">Define user_constellations Table</task>
      <task id="5" ac="1">Define breakthrough_events Table</task>
      <task id="6" ac="1">Define user_constellation_stats Table</task>
      <task id="7" ac="1">Define weekly_reflections Table</task>
      <task id="8" ac="3">Create Database Trigger and Function</task>
      <task id="9" ac="2">Add Migration Downgrade Logic</task>
      <task id="10" ac="2">Test Migration on Local Database</task>
      <task id="11" ac="foreign-keys">Verify Foreign Key Constraints</task>
    </tasks>
  </story>

  <acceptanceCriteria>
    <criteria id="1">All 5 database tables created when running alembic upgrade head: constellation_library (with indexes on category and is_active), user_constellations (with indexes on user_id, unlocked_at, breakthrough_chat_id), breakthrough_events (with indexes on user_id, session_id, chat_id, category), user_constellation_stats (primary key on user_id), weekly_reflections (with unique constraint on user_id + week_start_date)</criteria>
    <criteria id="2">Migration is reversible: alembic downgrade -1 removes all tables, indexes, trigger, and function cleanly with no errors</criteria>
    <criteria id="3">Database trigger update_constellation_stats() created and attached to user_constellations table AFTER INSERT, correctly increments total_unlocked and updates last_unlock_at</criteria>
    <criteria id="4">All foreign key constraints reference existing tables correctly: user_profile(id) with ON DELETE CASCADE, chats(id) and sessions(id) with ON DELETE SET NULL, constellation_library(id) with ON DELETE RESTRICT</criteria>
    <criteria id="5">Foreign key types match existing table ID types (Integer confirmed by inspecting existing user_profile, chats, sessions tables)</criteria>
  </acceptanceCriteria>

  <artifacts>
    <docs>
      <doc>
        <path>docs/tech-spec-epic-1.md</path>
        <title>Epic 1 Technical Specification</title>
        <section>Data Models and Contracts</section>
        <snippet>Complete SQL DDL and SQLAlchemy model definitions for all 5 constellation tables. Includes column types, indexes, foreign keys, and database trigger specification.</snippet>
      </doc>
      <doc>
        <path>docs/tech-spec-epic-1.md</path>
        <title>Epic 1 Technical Specification</title>
        <section>Workflows and Sequencing - Migration Execution</section>
        <snippet>Step-by-step migration execution workflow including creation, review, upgrade, rollback testing, and verification steps.</snippet>
      </doc>
      <doc>
        <path>docs/tech-spec-epic-1.md</path>
        <title>Epic 1 Technical Specification</title>
        <section>Acceptance Criteria - Story 1.1</section>
        <snippet>Story-level acceptance criteria: Migration file created, all 5 tables with correct schema, indexes created, trigger created, FK constraints correct, reversible migration.</snippet>
      </doc>
      <doc>
        <path>docs/architecture/constellation-system-architecture.md</path>
        <title>Constellation System Architecture</title>
        <section>Data Architecture - Database Schema</section>
        <snippet>Complete table definitions for constellation_library, user_constellations, breakthrough_events, user_constellation_stats with SQLAlchemy models and database trigger implementation.</snippet>
      </doc>
      <doc>
        <path>docs/architecture/constellation-system-architecture.md</path>
        <title>Constellation System Architecture</title>
        <section>Migration Strategy</section>
        <snippet>Phase 1 database migration strategy: Create migration, review, apply, seed data, deploy code, feature flag. Migration #14 in Alembic chain.</snippet>
      </doc>
      <doc>
        <path>docs/epics.md</path>
        <title>Epic Breakdown</title>
        <section>Story 1.1 - Database Migration</section>
        <snippet>Acceptance criteria for creating Alembic migration with 5 tables, indexes, trigger, and clean rollback capability. Technical notes specify Integer IDs and CASCADE delete behavior.</snippet>
      </doc>
      <doc>
        <path>docs/existing-code-analysis/index.md</path>
        <title>Brownfield Project Documentation</title>
        <section>Database and Models</section>
        <snippet>Existing database patterns: SQLAlchemy async models, standalone CRUD functions, foreign key relationships, migration workflow.</snippet>
      </doc>
    </docs>
    <code>
      <artifact>
        <path>src/ultra-api-aws/app/alembic/versions/7b3aa5e63bf5_create_user_metrics.py</path>
        <kind>migration</kind>
        <symbol>upgrade(), downgrade()</symbol>
        <lines>19-36</lines>
        <reason>Recent migration example showing op.create_table() pattern, Integer ID usage, ForeignKey syntax with ondelete CASCADE, and downgrade implementation</reason>
      </artifact>
      <artifact>
        <path>src/ultra-api-aws/app/app/db/user_profile.py</path>
        <kind>model</kind>
        <symbol>UserProfile</symbol>
        <lines>28-30</lines>
        <reason>Confirms existing tables use Integer primary keys (id = Column(Integer, primary_key=True)), not UUIDs. Critical for FK type matching.</reason>
      </artifact>
      <artifact>
        <path>src/ultra-api-aws/app/alembic.ini</path>
        <kind>config</kind>
        <symbol>N/A</symbol>
        <lines>all</lines>
        <reason>Alembic configuration file - defines database URL, migration path, and settings</reason>
      </artifact>
      <artifact>
        <path>src/ultra-api-aws/app/app/db/base_class.py</path>
        <kind>base</kind>
        <symbol>Base</symbol>
        <lines>all</lines>
        <reason>SQLAlchemy Base class that all models inherit from</reason>
      </artifact>
      <artifact>
        <path>src/ultra-api-aws/app/app/db/user_metrics.py</path>
        <kind>model</kind>
        <symbol>UserMetrics</symbol>
        <lines>all</lines>
        <reason>Example of existing model with JSON column, ForeignKey to user_profile, and standalone async CRUD functions pattern</reason>
      </artifact>
    </code>
    <dependencies>
      <python>
        <package name="alembic" version="1.x" />
        <package name="sqlalchemy" version="2.0+" />
        <package name="asyncpg" version="0.29+" />
        <package name="psycopg2" version="2.x" note="For Alembic migrations" />
      </python>
      <database>
        <db name="postgresql" version="13+" />
      </database>
    </dependencies>
  </artifacts>

  <constraints>
    <constraint id="1">Use Integer for all ID columns (confirmed: user_profile.id, chats.id, sessions.id are Integer type)</constraint>
    <constraint id="2">Follow existing migration pattern: op.create_table() with sa.Column(), sa.ForeignKey(), sa.PrimaryKeyConstraint()</constraint>
    <constraint id="3">Foreign key ondelete behavior: CASCADE for user_profile, SET NULL for optional FKs (chats, sessions), RESTRICT for constellation_library</constraint>
    <constraint id="4">Migration must define both upgrade() and downgrade() functions</constraint>
    <constraint id="5">Downgrade must drop tables in reverse order to handle FK dependencies</constraint>
    <constraint id="6">Database triggers/functions not auto-detected by alembic autogenerate - must write manually in migration</constraint>
    <constraint id="7">Migration file naming: revision_hash_descriptive_name.py (e.g., xxx_add_constellation_tables.py)</constraint>
    <constraint id="8">This is migration #14 - depends on migration #13, will be in chain for migration #15+</constraint>
  </constraints>
  <interfaces>
    <interface>
      <name>update_constellation_stats()</name>
      <kind>PostgreSQL Function (PL/pgSQL)</kind>
      <signature>RETURNS TRIGGER AS $$ BEGIN ... END; $$ LANGUAGE plpgsql</signature>
      <path>Created in migration - no existing file</path>
    </interface>
    <interface>
      <name>trg_update_constellation_stats</name>
      <kind>Database Trigger</kind>
      <signature>AFTER INSERT ON user_constellations FOR EACH ROW EXECUTE FUNCTION update_constellation_stats()</signature>
      <path>Created in migration - attached to user_constellations table</path>
    </interface>
  </interfaces>
  <tests>
    <standards>Migration testing uses integration tests with real test database. Framework: pytest + pytest-asyncio. Test migration upgrade/downgrade cycle, verify table creation via information_schema queries, test trigger execution with INSERT, verify FK constraints with CASCADE delete tests. Manual verification using psql for schema inspection. Target: 100% migration coverage (all tables, indexes, triggers verified).</standards>
    <locations>
      <location>src/ultra-api-aws/app/app/test/test_migrations.py</location>
      <location>src/ultra-api-aws/app/app/test/test_constellation_models.py</location>
    </locations>
    <ideas>
      <idea ac="1">Integration test: Run alembic upgrade head, query information_schema.tables to verify all 5 tables exist</idea>
      <idea ac="1">Integration test: Inspect each table schema with information_schema.columns to verify all columns present with correct types</idea>
      <idea ac="1">Integration test: Query information_schema.table_constraints to verify UNIQUE constraints on constellation_key and (user_profile_id, constellation_id)</idea>
      <idea ac="1">Integration test: Query pg_indexes to verify all 11 indexes created (2 on constellation_library, 3 on user_constellations, 5 on breakthrough_events, 3 on weekly_reflections)</idea>
      <idea ac="2">Integration test: Run alembic downgrade -1, verify all 5 tables dropped, then upgrade head again to confirm reversibility</idea>
      <idea ac="3">Integration test: Insert test record into user_constellations, verify user_constellation_stats.total_unlocked incremented and last_unlock_at updated via trigger</idea>
      <idea ac="3">Integration test: Query pg_trigger to confirm trg_update_constellation_stats exists and is attached to user_constellations</idea>
      <idea ac="4">Integration test: Insert user_constellation with valid FKs (user exists, constellation exists), verify success</idea>
      <idea ac="4">Integration test: Attempt INSERT with invalid user_profile_id (non-existent), verify FK constraint error raised</idea>
      <idea ac="4">Integration test: Create user with constellation, delete user, verify CASCADE delete removes user_constellations and user_constellation_stats records</idea>
      <idea ac="5">Manual verification: Query SELECT data_type FROM information_schema.columns WHERE table_name='user_profile' AND column_name='id' to confirm INTEGER</idea>
    </ideas>
  </tests>
</story-context>
